{"cameraMode":{"drawMode":0,"name":"Shaded","section":"Shading Mode"},"sceneLighting":true,"audioPlay":false,"sceneViewState":{"showFog":true,"showMaterialUpdate":false,"showSkybox":true,"showFlares":true,"showImageEffects":true,"showParticleSystems":true},"in2DMode":false,"pivot":{"x":-5.419301986694336,"y":7.062747478485107,"z":-11.569127082824707},"rotation":{"x":-0.05535295978188515,"y":-0.12339453399181366,"z":0.00689366739243269,"w":-0.9907897114753723},"size":2.303018093109131,"orthographic":false}