{"cameraMode":{"drawMode":0,"name":"Shaded","section":"Shading Mode"},"sceneLighting":true,"audioPlay":false,"sceneViewState":{"showFog":true,"showMaterialUpdate":false,"showSkybox":true,"showFlares":true,"showImageEffects":true,"showParticleSystems":true},"in2DMode":false,"pivot":{"x":725.2787475585938,"y":231.15036010742188,"z":-58.870391845703128},"rotation":{"x":-0.12894630432128907,"y":0.006540232338011265,"z":-0.0008508961764164269,"w":-0.9916280508041382},"size":282.5020446777344,"orthographic":false}