{"cameraMode":{"drawMode":0,"name":"Shaded","section":"Shading Mode"},"sceneLighting":true,"audioPlay":false,"sceneViewState":{"showFog":true,"showMaterialUpdate":false,"showSkybox":true,"showFlares":true,"showImageEffects":true,"showParticleSystems":true},"in2DMode":false,"pivot":{"x":466.0942687988281,"y":97.97770690917969,"z":0.98822021484375},"rotation":{"x":-0.12287621200084686,"y":-0.044051360338926318,"z":0.005459667183458805,"w":-0.9914290904998779},"size":715.0785522460938,"orthographic":false}