{"cameraMode":{"drawMode":0,"name":"Shaded","section":"Shading Mode"},"sceneLighting":false,"audioPlay":false,"sceneViewState":{"showFog":true,"showMaterialUpdate":false,"showSkybox":false,"showFlares":true,"showImageEffects":true,"showParticleSystems":true},"in2DMode":false,"pivot":{"x":1054.5780029296875,"y":824.1182250976563,"z":-66.321044921875},"rotation":{"x":-0.12113210558891297,"y":-0.0782371461391449,"z":0.009610285982489586,"w":-0.9895308017730713},"size":924.3595581054688,"orthographic":false}