{"cameraMode":{"drawMode":0,"name":"Shaded","section":"Shading Mode"},"sceneLighting":false,"audioPlay":false,"sceneViewState":{"showFog":true,"showMaterialUpdate":false,"showSkybox":false,"showFlares":true,"showImageEffects":true,"showParticleSystems":true},"in2DMode":false,"pivot":{"x":839.9998779296875,"y":472.49993896484377,"z":0.0},"rotation":{"x":-0.12113210558891297,"y":-0.0782371461391449,"z":0.009610285982489586,"w":-0.9895308017730713},"size":3180.447021484375,"orthographic":false}