{"cameraMode":{"drawMode":0,"name":"Shaded","section":"Shading Mode"},"sceneLighting":false,"audioPlay":false,"sceneViewState":{"showFog":true,"showMaterialUpdate":false,"showSkybox":false,"showFlares":true,"showImageEffects":true,"showParticleSystems":true},"in2DMode":false,"pivot":{"x":-0.1746997833251953,"y":0.6459498405456543,"z":0.5202846527099609},"rotation":{"x":0.010090450756251812,"y":0.1396331638097763,"z":0.0014183431630954147,"w":-0.9901676774024963},"size":3.6127405166625978,"orthographic":false}