{"cameraMode":{"drawMode":0,"name":"Shaded","section":"Shading Mode"},"sceneLighting":true,"audioPlay":false,"sceneViewState":{"showFog":true,"showMaterialUpdate":false,"showSkybox":true,"showFlares":true,"showImageEffects":true,"showParticleSystems":true},"in2DMode":false,"pivot":{"x":394.0733642578125,"y":180.42088317871095,"z":-2.725022792816162},"rotation":{"x":-0.06893908977508545,"y":-0.013467463664710522,"z":-0.0009307484142482281,"w":0.9975306987762451},"size":300.9494934082031,"orthographic":true}