{"cameraMode":{"drawMode":0,"name":"Shaded","section":"Shading Mode"},"sceneLighting":true,"audioPlay":false,"sceneViewState":{"showFog":true,"showMaterialUpdate":false,"showSkybox":true,"showFlares":true,"showImageEffects":true,"showParticleSystems":true},"in2DMode":false,"pivot":{"x":-2.965615749359131,"y":1.0216609239578248,"z":5.606086254119873},"rotation":{"x":-0.024271588772535325,"y":0.06054883822798729,"z":-0.001368186785839498,"w":-0.9979101419448853},"size":7.170538425445557,"orthographic":false}