{"cameraMode":{"drawMode":0,"name":"Shaded","section":"Shading Mode"},"sceneLighting":true,"audioPlay":false,"sceneViewState":{"showFog":true,"showMaterialUpdate":false,"showSkybox":true,"showFlares":true,"showImageEffects":true,"showParticleSystems":true},"in2DMode":false,"pivot":{"x":578.9556884765625,"y":963.9822998046875,"z":11.81951904296875},"rotation":{"x":-0.01681140623986721,"y":0.009599444456398487,"z":-0.00005709056495106779,"w":-0.9998531341552734},"size":648.8987426757813,"orthographic":false}