{"cameraMode":{"drawMode":0,"name":"Shaded","section":"Shading Mode"},"sceneLighting":true,"audioPlay":false,"sceneViewState":{"showFog":true,"showMaterialUpdate":false,"showSkybox":true,"showFlares":true,"showImageEffects":true,"showParticleSystems":true},"in2DMode":false,"pivot":{"x":820.6734619140625,"y":453.4683837890625,"z":-6.9462890625},"rotation":{"x":-0.09435495734214783,"y":0.08264347165822983,"z":-0.007755315862596035,"w":-0.9921121001243591},"size":1128.5687255859375,"orthographic":false}